[
  {
      "_id": "6437d8febc0c446629944922",
      "name": "UI/UX Designer",
      "skill": [
          "Ажлын туршлагатай байх.",
          "Figma,Adobe зэрэг систем дээр ажиллах чадвартай.",
          "Багаар ажиллах чадвартай."
      ],
      "worktime": "hagas tsagiin",
      "endDate":"2023-04-13T10:27:10.678Z",
      "createdAt": "2023-04-13T10:27:10.678Z",
      "__v": 0
  },
  {
      "_id": "6437d91bbc0c446629944924",
      "name": "frontend developer",
      "skill": [
        "Ажлын туршлагатай байх.",
        "Багаар ажиллах чадвартай."
      ],
      "worktime": "hagas tsagiin",
      "createdAt": "2023-04-13T10:27:39.160Z",
      "endDate":"2023-04-13T10:27:39.160Z",
      "__v": 0
  },
  {
      "_id": "6439376472429cbf9118a3b5",
      "name": "It engineering",
      "skill": [
        "Ажлын туршлагатай байх.",
        "Багаар ажиллах чадвартай."
      ],
      "worktime": "buten tsagiin",
      "createdAt": "2023-04-14T11:22:12.151Z",
      "endDate":"2023-04-14T11:22:12.151Z",
      "__v": 0
  }
]