[
   {
      "createUser":"643e3242f3e4eae6299e470b",
      "jobName":"643c16804c8d51e3cd71293a",
      "photo":"no-photo.jpg",
      "general":{
         "summary":"namaig davaajargal gedeg",
         "lastname":"Ө",
         "firstname":"Даваажаргал",
         "gender":"Эмэгтэй",
         "birthdate":"2001-01-22",
         "age": 22,
         "register":"ОП01212201"
      },
      "contact":{
         "phone":86168693,
         "email": 
          "ulziikhutag.davaajargal@gmail.com" ,
         "address":"Монгол"
      },
      "desiredjob":{
         "job":"Мэдээллийн технологи/Програм хангамж",
         "salary":1000000,
         "worktime":"Бүтэн цагийн"
      },
      "education":[
         {
          "institution":"Их сургууль",
          "schoolName":"Монгол Улсын Их Сургууль",
            "startDate":"2019-09-09",
            "degree":"Бакалавр",
            "location":"Монгол",
             "endDate":"Сурч байгаа",
            "profession":"IT",
            "rate":3.2
         }
      ],
      "experiences":[
       {
          "position":"Frontend developer",
          "company":"Stora",
          "location":"Монгол",
          "startDate":"2019-09-09",
          "endDate":"Ажиллаж байгаа",
          "description":null
          },
          {
            "position":"Frontend developer",
            "company":"Stora",
            "location":"Монгол",
            "startDate":"2019-09-09",
            "endDate":"Ажиллаж байгаа",
            "description":null
            }
      ],
      "skills":[
       {
          "name":"Хөгжим тоглох",
             "level":"Анхан"
       }
      ],
      "language":[
       { 
               "name":"Англи",
               "level":"Анхан"
      }
    ],
      "family":[
       {
          "name":"Алимаа",
          "who":"Ээж",
          "age":47,
          "positionF":"Багш",
          "phone":88758085
       }
      ]
   },
   {
      "createUser":"643e32f05f88eecfb5f547d2",
      "jobName": null,
      "photo":"no-photo.jpg",
      "general":{
         "summary":"namaig zaya gedeg",
         "lastname":"batsukh",
         "firstname":"Zaya",
         "gender":"Эмэгтэй",
         "birthdate":"2001-01-22",
         "age": 22,
         "register":"ОП01212201"
      },
      "contact":{
         "phone":86168693,
         "email": 
          "zaya@gmail.com" ,
         "address":"Монгол"
      },
      "desiredjob":{
         "job":"Мэдээллийн технологи/Програм хангамж",
         "salary":1000000,
         "worktime":"Бүтэн цагийн"
      },
      "education":[
         {
          "institution":"Их сургууль",
          "schoolName":"Монгол Улсын Их Сургууль",
            "startDate":"2019-09-09",
            "degree":"Бакалавр",
            "location":"Монгол",
             "endDate":"Сурч байгаа",
            "profession":"IT",
            "rate":3.2
         }
      ],
      "experiences":[
       {
          "position":"Frontend developer",
          "company":"Stora",
          "location":"Монгол",
          "startDate":"2019-09-09",
          "endDate":"Ажиллаж байгаа",
          "description":null
          }
      ],
      "skills":[
       {
          "name":"Хөгжим тоглох",
             "level":"Анхан"
       }
      ],
      "language":[
       { 
               "name":"Англи",
               "level":"Анхан"
      }
    ],
      "family":[
       {
          "name":"Дашхүү",
          "who":"Ээж",
          "age":47,
          "positionF":"Багш",
          "phone":88758085
       }
      ]
   }
]