{
  "jobs":[
    {"position":"Front-end",
  "skill":["Програм хөгжүүлэлтийн инженер","React, Vue.js, гэх мэт програмчлалын хэлний аль нэг дээр ажиллах чадвартай  "],
"date":"2023/1/30"},
{"position":"Back-end",
"skill":["Програм хөгжүүлэлтийн инженер","C, C++, Java, Python, Net, C#, гэх мэт програмчлалын хэлний аль нэг дээр ажиллах чадвартай "],
"date":"2023/1/30"},
{"position":"UI/UX designer",
  "skill":["Програм хөгжүүлэлтийн инженер","React, Vue.js, гэх мэт програмчлалын хэлний аль нэг дээр ажиллах чадвартай   "],
"date":"2023/1/30"},
{"position":"Full stack developer",
  "skill":["Програм хөгжүүлэлтийн инженер","React, Java, C#, Python, PHP, C, Go, MongoDB гэх мэт програмчлалын хэлний аль нэг дээр ажиллах чадвартай   "],
"date":"2023/1/30"}
  ]
}